[
  {
    "id": "herb_1",
    "name": "人参",
    "englishName": "Ginseng", 
    "pinyin": "Renshen",
    "functions": ["大补元气", "复脉固脱", "补脾益肺", "生津养血", "安神益智"],
    "nature": "微温",
    "taste": ["甘", "微苦"],
    "origin": ["吉林", "辽宁", "黑龙江"],
    "category": "补虚药",
    "indications": ["体虚欲脱", "肢冷脉微", "脾虚食少", "肺虚喘咳", "津伤口渴", "内热消渴", "气血亏虚", "久病虚羸", "惊悸失眠", "阳痿宫冷"],
    "images": ["人参.jpg"],
    "primaryImage": "人参.jpg",
    "detailedOrigins": [
      {
        "province": "吉林",
        "description": "吉林省是人参的最主要产区，特别是长白山地区，拥有得天独厚的冷凉湿润气候和肥沃的森林土壤，所产人参以芦长、体美、质优闻名。",
        "quality": "优质"
      },
      {
        "province": "黑龙江", 
        "description": "黑龙江也是人参的重要产地，多种植面积较大，产量较高，为市场提供了大量的人参原料。",
        "quality": "优质"
      },
      {
        "province": "辽宁",
        "description": "辽宁人参产业也具有一定规模，其产地环境与吉林、黑龙江相似，是东北人参的重要组成部分。",
        "quality": "优质"
      }
    ]
  },
  {
    "id": "herb_2",
    "name": "黄芪",
    "englishName": "Astragalus",
    "pinyin": "Huangqi",
    "functions": ["补气升阳", "固表止汗", "利水消肿", "生津养血", "行滞通痹", "托毒排脓", "敛疮生肌"],
    "nature": "微温",
    "taste": ["甘"],
    "origin": ["内蒙古", "山西", "黑龙江"],
    "category": "补虚药",
    "indications": ["气虚乏力", "食少便溏", "中气下陷", "久泻脱肛", "便血崩漏", "表虚自汗", "气虚水肿", "血虚萎黄", "内热消渴", "痹痛麻木", "痈疽难溃", "久溃不敛"],
    "images": ["黄芪.jpg"],
    "primaryImage": "黄芪.jpg",
    "detailedOrigins": [
      {
        "province": "内蒙古",
        "description": "内蒙古是中国黄芪的主产区之一，特别是固阳、武川等地，所产黄芪以条粗、粉性足、有效成分含量高而著称。",
        "quality": "优质"
      },
      {
        "province": "山西",
        "description": "山西浑源县的恒山黄芪品质优良，是黄芪的道地产区之一，其生长环境为黄芪的优良品质奠定了基础。",
        "quality": "优质"
      },
      {
        "province": "黑龙江",
        "description": "黑龙江省的部分地区也出产黄芪，为市场供应提供了补充。",
        "quality": "优质"
      }
    ]
  },
  {
    "id": "herb_3",
    "name": "当归",
    "englishName": "Chinese Angelica",
    "pinyin": "Danggui",
    "functions": ["补血活血", "调经止痛", "润肠通便"],
    "nature": "温",
    "taste": ["甘", "辛"],
    "origin": ["甘肃", "四川", "云南"],
    "category": "补血药",
    "indications": ["血虚萎黄", "眩晕心悸", "月经不调", "经闭痛经", "虚寒腹痛", "肠燥便秘", "风湿痹痛", "跌扑损伤", "痈疽疮疡"],
    "images": ["当归.jpg"],
    "primaryImage": "当归.jpg",
    "detailedOrigins": [
      {
        "province": "甘肃",
        "description": "甘肃省是当归的道地产区，尤以岷县当归最为著名，产量大、质量佳。岷县海拔高、气温低、日照充足、昼夜温差大，适合当归生长和有效成分积累。",
        "quality": "优质"
      },
      {
        "province": "四川",
        "description": "四川也是当归的重要产区之一，其特定的地理和气候条件为当归生长提供了良好的环境。",
        "quality": "优质"
      },
      {
        "province": "云南",
        "description": "云南当归多种植于高海拔冷凉山区，品质优良，是云药的重要品种之一。",
        "quality": "优质"
      }
    ]
  },
  {
    "id": "herb_4",
    "name": "甘草",
    "englishName": "Licorice Root",
    "pinyin": "Gancao",
    "functions": ["补脾益气", "清热解毒", "祛痰止咳", "缓急止痛", "调和诸药"],
    "nature": "平",
    "taste": ["甘"],
    "origin": ["新疆", "内蒙古", "甘肃"],
    "category": "补虚药",
    "indications": ["脾胃虚弱", "倦怠乏力", "心悸气短", "咳嗽痰多", "脘腹、四肢挛急疼痛", "痈肿疮毒"],
    "images": ["甘草.jpg"],
    "primaryImage": "甘草.jpg",
    "detailedOrigins": [
      {
        "province": "新疆",
        "description": "新疆是中国甘草产量最大的省区，其干旱的气候和特殊的土壤条件适宜甘草的生长。",
        "quality": "优质"
      },
      {
        "province": "内蒙古",
        "description": "内蒙古是甘草的传统道地产区，所产甘草质量上乘，尤以库布齐沙漠等地的野生甘草闻名。",
        "quality": "优质"
      },
      {
        "province": "甘肃",
        "description": "甘肃河西走廊等地也是甘草的重要产地，为甘草的供应做出了重要贡献。",
        "quality": "优质"
      }
    ]
  },
  {
    "id": "herb_5",
    "name": "川芎",
    "englishName": "Chuanxiong Rhizome",
    "pinyin": "Chuanxiong",
    "functions": ["活血行气", "祛风止痛"],
    "nature": "温",
    "taste": ["辛"],
    "origin": ["四川", "云南"],
    "category": "活血化瘀药",
    "indications": ["胸痹心痛", "胸胁刺痛", "跌扑肿痛", "月经不调", "经闭痛经", "产后瘀滞腹痛", "癥瘕腹痛", "头痛", "风湿痹痛"],
    "images": ["川芎.jpg"],
    "primaryImage": "川芎.jpg",
    "detailedOrigins": [
      {
        "province": "四川",
        "description": "四川是川芎的道地产区和最主要产区，产量占全国的绝大部分。尤其是都江堰、崇州等地，气候温和、雨量充沛，非常适合川芎生长。",
        "quality": "优质"
      },
      {
        "province": "云南",
        "description": "云南也有川芎种植，作为四川产区的补充，满足市场需求。",
        "quality": "优质"
      }
    ]
  },
  {
    "id": "herb_6",
    "name": "白芍",
    "englishName": "White Peony Root",
    "pinyin": "Baishao",
    "functions": ["养血调经", "敛阴止汗", "柔肝止痛", "平抑肝阳"],
    "nature": "微寒",
    "taste": ["苦", "酸"],
    "origin": ["安徽", "浙江", "山东"],
    "category": "补血药",
    "indications": ["血虚萎黄", "月经不调", "自汗", "盗汗", "胁痛", "腹痛", "四肢挛急疼痛", "头痛眩晕"],
    "images": ["白芍.jpg"],
    "primaryImage": "白芍.jpg",
    "detailedOrigins": [
      {
        "province": "安徽",
        "description": "安徽省亳州市是中国白芍的核心产区，产量巨大，有'中华药都'之称。这里的白芍以根条粗壮、质地坚实、粉性足而闻名。",
        "quality": "优质"
      },
      {
        "province": "浙江",
        "description": "浙江磐安产的白芍被称为'杭白芍'，也是历史悠久的道地产区，品质优良。",
        "quality": "优质"
      },
      {
        "province": "山东",
        "description": "山东也是白芍的重要产地，为市场供应提供了重要的补充。",
        "quality": "优质"
      }
    ]
  },
  {
    "id": "herb_7",
    "name": "茯苓",
    "englishName": "Poria",
    "pinyin": "Fuling",
    "functions": ["利水渗湿", "健脾", "宁心"],
    "nature": "平",
    "taste": ["甘", "淡"],
    "origin": ["云南", "安徽", "湖北"],
    "category": "利水渗湿药",
    "indications": ["水肿尿少", "痰饮眩悸", "脾虚食少", "便溏泄泻", "心神不安", "惊悸失眠"],
    "images": ["茯苓.jpg"],
    "primaryImage": "茯苓.jpg",
    "detailedOrigins": [
      {
        "province": "云南",
        "description": "云南是茯苓的主要产区，产量大，质量优。",
        "quality": "优质"
      },
      {
        "province": "安徽",
        "description": "安徽茯苓质量上乘，是重要的产地之一。",
        "quality": "优质"
      },
      {
        "province": "湖北",
        "description": "湖北也是茯苓的传统产区，为市场供应作出贡献。",
        "quality": "优质"
      }
    ]
  },
  {
    "id": "herb_8",
    "name": "丹参",
    "englishName": "Red Sage Root",
    "pinyin": "Danshen",
    "functions": ["活血祛瘀", "通经止痛", "清心除烦", "凉血消痈"],
    "nature": "微寒",
    "taste": ["苦"],
    "origin": ["山东", "河南", "山西"],
    "category": "活血化瘀药",
    "indications": ["胸痹心痛", "脘腹胁痛", "症瘕积聚", "热痹疼痛", "心烦不眠", "月经不调", "痛经经闭", "疮疡肿痛"],
    "images": ["丹参.jpg"],
    "primaryImage": "丹参.jpg",
    "detailedOrigins": [
      {
        "province": "山东",
        "description": "山东是丹参的主要产区，产量大，质量优。",
        "quality": "优质"
      },
      {
        "province": "河南",
        "description": "河南丹参质量上乘，是重要的产地之一。",
        "quality": "优质"
      },
      {
        "province": "山西",
        "description": "山西也是丹参的传统产区。",
        "quality": "优质"
      }
    ]
  },
  {
    "id": "herb_9",
    "name": "三七",
    "englishName": "Panax Notoginseng",
    "pinyin": "Sanqi",
    "functions": ["散瘀止血", "消肿定痛"],
    "nature": "温",
    "taste": ["甘", "微苦"],
    "origin": ["云南", "广西"],
    "category": "化瘀止血药",
    "indications": ["各种出血证", "跌扑瘀肿", "胸痹心痛", "中风偏瘫"],
    "images": ["三七.jpg"],
    "primaryImage": "三七.jpg",
    "detailedOrigins": [
      {
        "province": "云南",
        "description": "云南是三七的道地产区，文山三七最为著名。",
        "quality": "优质"
      },
      {
        "province": "广西",
        "description": "广西也是三七的重要产地。",
        "quality": "优质"
      }
    ]
  },
  {
    "id": "herb_10",
    "name": "天麻",
    "englishName": "Gastrodia Elata",
    "pinyin": "Tianma",
    "functions": ["息风止痉", "平抑肝阳", "祛风通络"],
    "nature": "平",
    "taste": ["甘"],
    "origin": ["云南", "贵州", "四川"],
    "category": "平肝息风药",
    "indications": ["头痛眩晕", "肢体麻木", "小儿惊风", "癫痫抽搐", "破伤风"],
    "images": ["天麻.jpg"],
    "primaryImage": "天麻.jpg",
    "detailedOrigins": [
      {
        "province": "云南",
        "description": "云南昭通天麻品质最佳，是天麻的道地产区。",
        "quality": "优质"
      },
      {
        "province": "贵州",
        "description": "贵州大方天麻也很著名，质量优良。",
        "quality": "优质"
      },
      {
        "province": "四川",
        "description": "四川也是天麻的重要产地。",
        "quality": "优质"
      }
    ]
  }
]